[
  {
    "question":"영수증은 종이 분리수거가 가능한가요?", 
    "answer":"X",
    "description": "영수증은 재료가 다른 종이이기 때문에 종량제 봉투에 버려야 합니다."
  },
  {
    "question":"치킨을 먹고 나온 치킨 박스는 종이 분리수거를 해야 하나요?", 
    "answer":"X",
    "description": "오염된 종이는 분리수거할 수 없기 때문에 종량제 봉투에 버려야 합니다."
  },
  {
    "question":"벽지는 종량제 봉투에 버려야 하나요?", 
    "answer":"O",
    "description": "벽지는 종이 분리수거가 아닌 종량제 봉투에 버려야 합니다."
  },
  {
    "question":"명함은 종이로 분리수거 해야 하나요?", 
    "answer":"X",
    "description": "명함은 종량제 봉투에 버려야 합니다."
  },
  {
    "question":"방수 포장된 박스는 종이로 분리수거 해야 하냐요?", 
    "answer":"X",
    "description": "방수로 포장된 것을 분리해서 버리고 종이 박스만 따로 종이로 분리수거 해야하 합니다."
  },
  {
    "question":"노트의 스프링도 다 분리해서 버려야 하나요?", 
    "answer":"O",
    "description": "노트의 스프링도 다 분리해서 종이에 분리수거 해야 합니다. 또한 표지가 비닐코팅이 되어 있을 경우 표지 또한 제거하고 분리수거 해야합니다."
  },
  {
    "question":"우유팩은 종이에 분리수거 해야하나요?", 
    "answer":"X",
    "description": "우유팩은 종이랑 같이 분리수가거가 아닌 따로 분리수거해야 합니다. 하지만 다른 안내가 없는 경우 종이에 분리수거도 가능합니다."
  },
  {
    "question":"전구는 유리로 분리수거 해야하나요?", 
    "answer":"X",
    "description": "전구같은 경우 유리에 분리수거 하면 안되고 형광등 분리배출함이나 신문지에 싸서 종량제 봉투로 처리해야 합니다."
  },
  {
    "question":"기름기가 남은 컵라면 용기는 일반쓰레기에 버려야 하나요?", 
    "answer":"O",
    "description": "이물질이 묻은 컵라면 용기는 종이류가 아니라 일반쓰레기에 버려야 합니다. 하지만 깨끗이 세척한 경우 종이로 재활용 가능합니다. 또한 플라스틱 재질의 용기도 마찬가지입니다."
  },
  {
    "question":"자기 그릇은 병으로 재활용 할 수 있나요?", 
    "answer":"X",
    "description": "자기그릇은 재활용이 어려워 불연성 쓰레기로 분류하여 버려야합니다."
  },
  {
    "question":"다쓴 물티슈 용기는 뚜껑은 플라스틱 용기는 비닐로 분리해서 분리수거 해야하나요?", 
    "answer":"O",
    "description": "물티슈 용기는 뚜껑을 분리하여 분리 배출 해야합니다."
  },
  {
    "question":"깨진 병은 유리병으로 분리수거 할 수 있나요?", 
    "answer":"X",
    "description": "깨진 병은 신문지 같은것으로 싸서 일반쓰레기에 버려야 합니다."
  },
  {
    "question":"칫솔 같은 경우 플라스틱이 아닌 일반쓰레기에 버려야 하나요?", 
    "answer":"O",
    "description": "칫솔 같은 경우 플라스틱으로만 이루어져 있지 않기 때문에 일반쓰레기로 버려야 합니다."
  },
  {
    "question":"투명 비닐과 색깔있는 비닐은 따로 구분해서 분리수거 해야 하나요?", 
    "answer":"X",
    "description": "비닐은 색깔에 상관없이 이물질이 없도록 깨끗이 씻어 분리수거 해야합니다."
  },
  {
    "question":"과일망은 스티로폼에 분리수거 해야 하나요?", 
    "answer":"X",
    "description": "과일망은 일반쓰레기로 버려야 합니다."
  },
  {
    "question":"기름병은 병류에 분리수거 할 수 있나요?", 
    "answer":"O",
    "description": "하지만 무조건 기름기를 제거한 후 건조해서 이물질이 묻지 않은채로 분리수거 해야합니다."
  },
  {
    "question":"색깔있는 페트병은 따로 분리수거 해야 하나요?", 
    "answer":"O",
    "description": "색깔있는 페트병과 무색 페트병은 따로 분리수거 해야합니다. 하지만 분리수거장에 별다른 안내가 없는 경우 함께 버려도 됩니다."
  },
  {
    "question":"감자칩 통은 종이류에 분리수거 해야 하나요?", 
    "answer":"X",
    "description": "감자칩 통은 알루미늄통에 겉면만 종이를 입힌 것이기 때문에 일반쓰레기로 버려야 합니다."
  },
  {
    "question":"고추장 된장 같은 장류는 음식물쓰레기로 버려야 하나요?", 
    "answer":"X",
    "description": "장류 같은 경우 염분이 많아 가축의 사료가 되는 음식물쓰레기로는 적합하지 않아 일반쓰레기에 버려야 합니다."
  },
  {
    "question":"뽁뽁이 즉 에어캡은 비닐로 재활용이 가능한가요?", 
    "answer":"O",
    "description": "에어캡은 비닐로 재활용이 가능합니다."
  }
]